<?xml version="1.0" encoding="UTF-8" ?>
<!DOCTYPE mapper
  PUBLIC "-//mybatis.org//DTD Mapper 3.0//EN"
  "http://mybatis.org/dtd/mybatis-3-mapper.dtd">
<mapper namespace="com.happyhouse.dao.UserDao">
	<!-- test 참조  -->
	<select id="dynamic" parameterType="map" resultType="useraccount">
		select id, password, name, phone
		from useraccount
		<if test="col != null" >
			where ${col}=#{id}
		</if>
		
	</select>
	
	<select id="login" parameterType="map" resultType="useraccount">
		select id, password, name, phone
		from useraccount
		where id=#{id}
		and password=#{pw}
	</select>

	<insert id="insert" parameterType="useraccount">
		insert into useraccount (id, password, name, phone)
		values(
			#{id},
			#{password},
			#{name},
			#{phone}
		)
	</insert>

	<update id="update" parameterType="useraccount">
		update useraccount set 
			password=#{password},
			name=#{name}, 
			phone = #{phone}
		where
			id=#{id}
	</update>

	<delete id="delete" parameterType="useraccount">
		delete from useraccount 
		where
		id=#{id}
	</delete>

	

	<select id="selectOne" parameterType="string"
		resultType="useraccount">
		select id, password, name, phone
		from useraccount 
		where 
			id = #{id}
	</select>
	
	<select id="selectPass" parameterType="useraccount"
		resultType="useraccount">
		select id, password, name, phone
		from useraccount 
		where 
			id = #{id} and
			name = #{name} and
			phone = #{phone}
	</select>

</mapper>