<?xml version="1.0" encoding="UTF-8"?>
<!DOCTYPE mapper PUBLIC "-//mybatis.org//DTD Mapper 3.0//EN" "http://mybatis.org/dtd/mybatis-3-mapper.dtd">
<mapper namespace="com.happyhouse.dao.UserAccountMapper">

<!-- [LOGIN] UserAccount userLogin(Map<String, String> map) -->
<update id="userLogin" parameterType="map">
    UPDATE user_account SET logindate = sysdate()
    WHERE user_id = #{user_id} AND user_pw = #{user_pw}
</update>

<!-- [SearchOne] UserAccount userLogin(Map<String, String> map) -->
<select id="userSearchOne" parameterType="map" resultType="userAccount">
    SELECT user_id, user_name, user_email, user_phone, user_address, user_point
    FROM user_account WHERE ${key} = #{value}
</select>

<!-- [SearchAll] UserAccount userLogin(Map<String, String> map) -->
<select id="userSearchAll" resultType="userAccount">
    SELECT * FROM user_account
</select>

<!-- [JOIN]  -->
<insert id="userJoin" parameterType="userAccount">
    INSERT INTO user_account(user_id, user_pw, user_name, user_email, user_phone, user_address, user_point, joindate)
    VALUES (#{user_id}, #{user_pw}, #{user_name}, #{user_email}, #{user_phone}, #{user_address}, 1000, sysdate())
</insert>

<!-- [UPDATE]  -->
<update id="userUpdate" parameterType="userAccount">
    UPDATE user_account
    SET user_name = #{user_name}, user_email = #{user_email}, user_phone = #{user_phone}, user_address = #{user_address}
    WHERE user_id = #{user_id} AND user_pw = #{user_pw}
</update>

</mapper>